date,platform,asset_type,topic_title,primary_keyword,source_asset,cta_url,utm_url,status
2026-02-14,Medium,long-form,What does 'made in USA candy' actually mean in 2026?,made in usa candy meaning,Source seed #1,https://www.usagummies.com/shop,https://www.usagummies.com/shop?utm_source=medium&utm_medium=organic&utm_campaign=parasite_seo_blitz&utm_content=what-does-made-in-usa-candy-actually-mean-in-2026,queued
2026-02-14,LinkedIn Article,long-form,Natural food dyes vs artificial dyes in gummies: a practical buyer guide,natural food dyes gummies,Source seed #2,https://www.usagummies.com/shop,https://www.usagummies.com/shop?utm_source=linkedin_article&utm_medium=organic&utm_campaign=parasite_seo_blitz&utm_content=natural-food-dyes-vs-artificial-dyes-in-gummies-a-practical-buye,queued
2026-02-15,LinkedIn Article,long-form,How to read a gummy ingredient label in 60 seconds,how to read gummy ingredient label,Source seed #3,https://www.usagummies.com/shop,https://www.usagummies.com/shop?utm_source=linkedin_article&utm_medium=organic&utm_campaign=parasite_seo_blitz&utm_content=how-to-read-a-gummy-ingredient-label-in-60-seconds,queued
2026-02-15,Quora Answer,short-form,Best candy options for parents avoiding artificial dyes,candy without artificial dyes,Source seed #4,https://www.usagummies.com/shop,https://www.usagummies.com/shop?utm_source=quora_answer&utm_medium=organic&utm_campaign=parasite_seo_blitz&utm_content=best-candy-options-for-parents-avoiding-artificial-dyes,queued
2026-02-16,Quora Answer,short-form,The real difference between premium gummies and commodity gummies,premium gummies vs regular,Source seed #5,https://www.usagummies.com/shop,https://www.usagummies.com/shop?utm_source=quora_answer&utm_medium=organic&utm_campaign=parasite_seo_blitz&utm_content=the-real-difference-between-premium-gummies-and-commodity-gummie,queued
2026-02-16,Reddit Value Post,short-form,How American candy manufacturing impacts freshness and consistency,american candy manufacturing,Source seed #6,https://www.usagummies.com/shop,https://www.usagummies.com/shop?utm_source=reddit_value_post&utm_medium=organic&utm_campaign=parasite_seo_blitz&utm_content=how-american-candy-manufacturing-impacts-freshness-and-consisten,queued
2026-02-17,Reddit Value Post,short-form,Top patriotic party snack ideas that are actually easy,patriotic party snack ideas,Source seed #7,https://www.usagummies.com/shop,https://www.usagummies.com/shop?utm_source=reddit_value_post&utm_medium=organic&utm_campaign=parasite_seo_blitz&utm_content=top-patriotic-party-snack-ideas-that-are-actually-easy,queued
2026-02-17,Pinterest Idea Pin,long-form,Teacher appreciation snack gifts that feel premium,teacher appreciation snack gifts,Source seed #8,https://www.usagummies.com/shop,https://www.usagummies.com/shop?utm_source=pinterest_idea_pin&utm_medium=organic&utm_campaign=parasite_seo_blitz&utm_content=teacher-appreciation-snack-gifts-that-feel-premium,queued
2026-02-18,Pinterest Idea Pin,long-form,Corporate gifting with made-in-USA snacks: what buyers care about,corporate gifting snacks,Source seed #9,https://www.usagummies.com/shop,https://www.usagummies.com/shop?utm_source=pinterest_idea_pin&utm_medium=organic&utm_campaign=parasite_seo_blitz&utm_content=corporate-gifting-with-made-in-usa-snacks-what-buyers-care-about,queued
2026-02-18,Substack Note,long-form,Wedding welcome bag candy ideas with clean labels,wedding welcome bag candy,Source seed #10,https://www.usagummies.com/shop,https://www.usagummies.com/shop?utm_source=substack_note&utm_medium=organic&utm_campaign=parasite_seo_blitz&utm_content=wedding-welcome-bag-candy-ideas-with-clean-labels,queued
2026-02-19,Substack Note,long-form,Healthy-ish candy swaps for family movie night,family movie night candy ideas,Source seed #11,https://www.usagummies.com/shop,https://www.usagummies.com/shop?utm_source=substack_note&utm_medium=organic&utm_campaign=parasite_seo_blitz&utm_content=healthy-ish-candy-swaps-for-family-movie-night,queued
2026-02-19,Medium,long-form,A founder playbook: building a premium candy brand as a solo operator,solo founder candy brand,Source seed #12,https://www.usagummies.com/shop,https://www.usagummies.com/shop?utm_source=medium&utm_medium=organic&utm_campaign=parasite_seo_blitz&utm_content=a-founder-playbook-building-a-premium-candy-brand-as-a-solo-oper,queued
2026-02-20,Medium,long-form,Why consumers are searching for Red 40 free candy alternatives,red 40 free candy alternatives,Source seed #13,https://www.usagummies.com/shop,https://www.usagummies.com/shop?utm_source=medium&utm_medium=organic&utm_campaign=parasite_seo_blitz&utm_content=why-consumers-are-searching-for-red-40-free-candy-alternatives,queued
2026-02-20,LinkedIn Article,long-form,Holiday candy buying calendar: when demand spikes and why,holiday candy buying calendar,Source seed #14,https://www.usagummies.com/shop,https://www.usagummies.com/shop?utm_source=linkedin_article&utm_medium=organic&utm_campaign=parasite_seo_blitz&utm_content=holiday-candy-buying-calendar-when-demand-spikes-and-why,queued
2026-02-21,LinkedIn Article,long-form,How to build a premium candy gift box people remember,premium candy gift box,Source seed #15,https://www.usagummies.com/shop,https://www.usagummies.com/shop?utm_source=linkedin_article&utm_medium=organic&utm_campaign=parasite_seo_blitz&utm_content=how-to-build-a-premium-candy-gift-box-people-remember,queued
2026-02-21,Quora Answer,short-form,"The best candy for event planners: shelf stability, flavor, and presentation",best candy for events,Source seed #16,https://www.usagummies.com/shop,https://www.usagummies.com/shop?utm_source=quora_answer&utm_medium=organic&utm_campaign=parasite_seo_blitz&utm_content=the-best-candy-for-event-planners-shelf-stability-flavor-and-pre,queued
2026-02-22,Quora Answer,short-form,Bulk gummy orders without low-quality tradeoffs,bulk gummy candy orders,Source seed #17,https://www.usagummies.com/shop,https://www.usagummies.com/shop?utm_source=quora_answer&utm_medium=organic&utm_campaign=parasite_seo_blitz&utm_content=bulk-gummy-orders-without-low-quality-tradeoffs,queued
2026-02-22,Reddit Value Post,short-form,Ingredient transparency in candy: what brands hide and what to ask,ingredient transparency candy,Source seed #18,https://www.usagummies.com/shop,https://www.usagummies.com/shop?utm_source=reddit_value_post&utm_medium=organic&utm_campaign=parasite_seo_blitz&utm_content=ingredient-transparency-in-candy-what-brands-hide-and-what-to-as,queued
2026-02-23,Reddit Value Post,short-form,What retailers want from emerging snack brands,retail buyer snack brands,Source seed #19,https://www.usagummies.com/shop,https://www.usagummies.com/shop?utm_source=reddit_value_post&utm_medium=organic&utm_campaign=parasite_seo_blitz&utm_content=what-retailers-want-from-emerging-snack-brands,queued
2026-02-23,Pinterest Idea Pin,long-form,How to pitch wholesale buyers when you are a small food brand,how to pitch wholesale buyers,Source seed #20,https://www.usagummies.com/shop,https://www.usagummies.com/shop?utm_source=pinterest_idea_pin&utm_medium=organic&utm_campaign=parasite_seo_blitz&utm_content=how-to-pitch-wholesale-buyers-when-you-are-a-small-food-brand,queued
2026-02-24,Pinterest Idea Pin,long-form,Made-in-USA gift guide: premium picks for office teams,made in usa office gifts,Source seed #21,https://www.usagummies.com/shop,https://www.usagummies.com/shop?utm_source=pinterest_idea_pin&utm_medium=organic&utm_campaign=parasite_seo_blitz&utm_content=made-in-usa-gift-guide-premium-picks-for-office-teams,queued
2026-02-24,Substack Note,long-form,Natural color sources in gummies explained,natural colors in gummies,Source seed #22,https://www.usagummies.com/shop,https://www.usagummies.com/shop?utm_source=substack_note&utm_medium=organic&utm_campaign=parasite_seo_blitz&utm_content=natural-color-sources-in-gummies-explained,queued
2026-02-25,Substack Note,long-form,The complete guide to dye-free gummies for parents,dye free gummies for parents,Source seed #23,https://www.usagummies.com/shop,https://www.usagummies.com/shop?utm_source=substack_note&utm_medium=organic&utm_campaign=parasite_seo_blitz&utm_content=the-complete-guide-to-dye-free-gummies-for-parents,queued
2026-02-25,Medium,long-form,Party favor ideas that avoid synthetic dyes,party favors without artificial dyes,Source seed #24,https://www.usagummies.com/shop,https://www.usagummies.com/shop?utm_source=medium&utm_medium=organic&utm_campaign=parasite_seo_blitz&utm_content=party-favor-ideas-that-avoid-synthetic-dyes,queued
2026-02-26,Medium,long-form,How to compare gummy brands without getting fooled by labels,compare gummy brands,Source seed #25,https://www.usagummies.com/shop,https://www.usagummies.com/shop?utm_source=medium&utm_medium=organic&utm_campaign=parasite_seo_blitz&utm_content=how-to-compare-gummy-brands-without-getting-fooled-by-labels,queued
2026-02-26,LinkedIn Article,long-form,Snack table ideas for Fourth of July events,fourth of july snack table,Source seed #26,https://www.usagummies.com/shop,https://www.usagummies.com/shop?utm_source=linkedin_article&utm_medium=organic&utm_campaign=parasite_seo_blitz&utm_content=snack-table-ideas-for-fourth-of-july-events,queued
2026-02-27,LinkedIn Article,long-form,"Customer FAQ: allergens, shipping, and what makes USA Gummies different",usa gummies faq,Source seed #27,https://www.usagummies.com/shop,https://www.usagummies.com/shop?utm_source=linkedin_article&utm_medium=organic&utm_campaign=parasite_seo_blitz&utm_content=customer-faq-allergens-shipping-and-what-makes-usa-gummies-diffe,queued
2026-02-27,Quora Answer,short-form,Amazon vs DTC for gummy buyers: where to buy and why,buy gummies amazon or website,Source seed #28,https://www.usagummies.com/shop,https://www.usagummies.com/shop?utm_source=quora_answer&utm_medium=organic&utm_campaign=parasite_seo_blitz&utm_content=amazon-vs-dtc-for-gummy-buyers-where-to-buy-and-why,queued
2026-02-28,Quora Answer,short-form,Small business spotlight: the economics of premium candy,premium candy economics,Source seed #29,https://www.usagummies.com/shop,https://www.usagummies.com/shop?utm_source=quora_answer&utm_medium=organic&utm_campaign=parasite_seo_blitz&utm_content=small-business-spotlight-the-economics-of-premium-candy,queued
2026-02-28,Reddit Value Post,short-form,How to plan gummy inventory for school and community events,event candy planning,Source seed #30,https://www.usagummies.com/shop,https://www.usagummies.com/shop?utm_source=reddit_value_post&utm_medium=organic&utm_campaign=parasite_seo_blitz&utm_content=how-to-plan-gummy-inventory-for-school-and-community-events,queued
2026-03-01,Reddit Value Post,short-form,What makes a gummy texture feel premium,premium gummy texture,Source seed #31,https://www.usagummies.com/shop,https://www.usagummies.com/shop?utm_source=reddit_value_post&utm_medium=organic&utm_campaign=parasite_seo_blitz&utm_content=what-makes-a-gummy-texture-feel-premium,queued
2026-03-01,Pinterest Idea Pin,long-form,Gift shop candy merchandising ideas that lift basket size,gift shop candy merchandising,Source seed #32,https://www.usagummies.com/shop,https://www.usagummies.com/shop?utm_source=pinterest_idea_pin&utm_medium=organic&utm_campaign=parasite_seo_blitz&utm_content=gift-shop-candy-merchandising-ideas-that-lift-basket-size,queued
2026-03-02,Pinterest Idea Pin,long-form,Military family event snack ideas with broad appeal,military event snack ideas,Source seed #33,https://www.usagummies.com/shop,https://www.usagummies.com/shop?utm_source=pinterest_idea_pin&utm_medium=organic&utm_campaign=parasite_seo_blitz&utm_content=military-family-event-snack-ideas-with-broad-appeal,queued
2026-03-02,Substack Note,long-form,Tourist shop products that sell fast: candy edition,tourist shop candy products,Source seed #34,https://www.usagummies.com/shop,https://www.usagummies.com/shop?utm_source=substack_note&utm_medium=organic&utm_campaign=parasite_seo_blitz&utm_content=tourist-shop-products-that-sell-fast-candy-edition,queued
2026-03-03,Substack Note,long-form,How to write product pages for snack brands that convert,snack product page conversion,Source seed #35,https://www.usagummies.com/shop,https://www.usagummies.com/shop?utm_source=substack_note&utm_medium=organic&utm_campaign=parasite_seo_blitz&utm_content=how-to-write-product-pages-for-snack-brands-that-convert,queued
2026-03-03,Medium,long-form,Natural candy trends buyers should watch this year,natural candy trends,Source seed #36,https://www.usagummies.com/shop,https://www.usagummies.com/shop?utm_source=medium&utm_medium=organic&utm_campaign=parasite_seo_blitz&utm_content=natural-candy-trends-buyers-should-watch-this-year,queued
2026-03-04,Medium,long-form,How to repurpose one blog post into 10 traffic assets,repurpose blog content,Source seed #37,https://www.usagummies.com/shop,https://www.usagummies.com/shop?utm_source=medium&utm_medium=organic&utm_campaign=parasite_seo_blitz&utm_content=how-to-repurpose-one-blog-post-into-10-traffic-assets,queued
2026-03-04,LinkedIn Article,long-form,Do clean-label gummies taste better? blind-test framework,clean label gummies taste,Source seed #38,https://www.usagummies.com/shop,https://www.usagummies.com/shop?utm_source=linkedin_article&utm_medium=organic&utm_campaign=parasite_seo_blitz&utm_content=do-clean-label-gummies-taste-better-blind-test-framework,queued
2026-03-05,LinkedIn Article,long-form,How to run zero-budget marketing for a food brand,zero budget food brand marketing,Source seed #39,https://www.usagummies.com/shop,https://www.usagummies.com/shop?utm_source=linkedin_article&utm_medium=organic&utm_campaign=parasite_seo_blitz&utm_content=how-to-run-zero-budget-marketing-for-a-food-brand,queued
2026-03-05,Quora Answer,short-form,The anti-spam outreach framework for creator partnerships,creator outreach framework,Source seed #40,https://www.usagummies.com/shop,https://www.usagummies.com/shop?utm_source=quora_answer&utm_medium=organic&utm_campaign=parasite_seo_blitz&utm_content=the-anti-spam-outreach-framework-for-creator-partnerships,queued
2026-03-06,Quora Answer,short-form,What does 'made in USA candy' actually mean in 2026?,made in usa candy meaning,Source seed #1,https://www.usagummies.com/shop,https://www.usagummies.com/shop?utm_source=quora_answer&utm_medium=organic&utm_campaign=parasite_seo_blitz&utm_content=what-does-made-in-usa-candy-actually-mean-in-2026,queued
2026-03-06,Reddit Value Post,short-form,Natural food dyes vs artificial dyes in gummies: a practical buyer guide,natural food dyes gummies,Source seed #2,https://www.usagummies.com/shop,https://www.usagummies.com/shop?utm_source=reddit_value_post&utm_medium=organic&utm_campaign=parasite_seo_blitz&utm_content=natural-food-dyes-vs-artificial-dyes-in-gummies-a-practical-buye,queued
2026-03-07,Reddit Value Post,short-form,How to read a gummy ingredient label in 60 seconds,how to read gummy ingredient label,Source seed #3,https://www.usagummies.com/shop,https://www.usagummies.com/shop?utm_source=reddit_value_post&utm_medium=organic&utm_campaign=parasite_seo_blitz&utm_content=how-to-read-a-gummy-ingredient-label-in-60-seconds,queued
2026-03-07,Pinterest Idea Pin,long-form,Best candy options for parents avoiding artificial dyes,candy without artificial dyes,Source seed #4,https://www.usagummies.com/shop,https://www.usagummies.com/shop?utm_source=pinterest_idea_pin&utm_medium=organic&utm_campaign=parasite_seo_blitz&utm_content=best-candy-options-for-parents-avoiding-artificial-dyes,queued
2026-03-08,Pinterest Idea Pin,long-form,The real difference between premium gummies and commodity gummies,premium gummies vs regular,Source seed #5,https://www.usagummies.com/shop,https://www.usagummies.com/shop?utm_source=pinterest_idea_pin&utm_medium=organic&utm_campaign=parasite_seo_blitz&utm_content=the-real-difference-between-premium-gummies-and-commodity-gummie,queued
2026-03-08,Substack Note,long-form,How American candy manufacturing impacts freshness and consistency,american candy manufacturing,Source seed #6,https://www.usagummies.com/shop,https://www.usagummies.com/shop?utm_source=substack_note&utm_medium=organic&utm_campaign=parasite_seo_blitz&utm_content=how-american-candy-manufacturing-impacts-freshness-and-consisten,queued
2026-03-09,Substack Note,long-form,Top patriotic party snack ideas that are actually easy,patriotic party snack ideas,Source seed #7,https://www.usagummies.com/shop,https://www.usagummies.com/shop?utm_source=substack_note&utm_medium=organic&utm_campaign=parasite_seo_blitz&utm_content=top-patriotic-party-snack-ideas-that-are-actually-easy,queued
2026-03-09,Medium,long-form,Teacher appreciation snack gifts that feel premium,teacher appreciation snack gifts,Source seed #8,https://www.usagummies.com/shop,https://www.usagummies.com/shop?utm_source=medium&utm_medium=organic&utm_campaign=parasite_seo_blitz&utm_content=teacher-appreciation-snack-gifts-that-feel-premium,queued
2026-03-10,Medium,long-form,Corporate gifting with made-in-USA snacks: what buyers care about,corporate gifting snacks,Source seed #9,https://www.usagummies.com/shop,https://www.usagummies.com/shop?utm_source=medium&utm_medium=organic&utm_campaign=parasite_seo_blitz&utm_content=corporate-gifting-with-made-in-usa-snacks-what-buyers-care-about,queued
2026-03-10,LinkedIn Article,long-form,Wedding welcome bag candy ideas with clean labels,wedding welcome bag candy,Source seed #10,https://www.usagummies.com/shop,https://www.usagummies.com/shop?utm_source=linkedin_article&utm_medium=organic&utm_campaign=parasite_seo_blitz&utm_content=wedding-welcome-bag-candy-ideas-with-clean-labels,queued
2026-03-11,LinkedIn Article,long-form,Healthy-ish candy swaps for family movie night,family movie night candy ideas,Source seed #11,https://www.usagummies.com/shop,https://www.usagummies.com/shop?utm_source=linkedin_article&utm_medium=organic&utm_campaign=parasite_seo_blitz&utm_content=healthy-ish-candy-swaps-for-family-movie-night,queued
2026-03-11,Quora Answer,short-form,A founder playbook: building a premium candy brand as a solo operator,solo founder candy brand,Source seed #12,https://www.usagummies.com/shop,https://www.usagummies.com/shop?utm_source=quora_answer&utm_medium=organic&utm_campaign=parasite_seo_blitz&utm_content=a-founder-playbook-building-a-premium-candy-brand-as-a-solo-oper,queued
2026-03-12,Quora Answer,short-form,Why consumers are searching for Red 40 free candy alternatives,red 40 free candy alternatives,Source seed #13,https://www.usagummies.com/shop,https://www.usagummies.com/shop?utm_source=quora_answer&utm_medium=organic&utm_campaign=parasite_seo_blitz&utm_content=why-consumers-are-searching-for-red-40-free-candy-alternatives,queued
2026-03-12,Reddit Value Post,short-form,Holiday candy buying calendar: when demand spikes and why,holiday candy buying calendar,Source seed #14,https://www.usagummies.com/shop,https://www.usagummies.com/shop?utm_source=reddit_value_post&utm_medium=organic&utm_campaign=parasite_seo_blitz&utm_content=holiday-candy-buying-calendar-when-demand-spikes-and-why,queued
2026-03-13,Reddit Value Post,short-form,How to build a premium candy gift box people remember,premium candy gift box,Source seed #15,https://www.usagummies.com/shop,https://www.usagummies.com/shop?utm_source=reddit_value_post&utm_medium=organic&utm_campaign=parasite_seo_blitz&utm_content=how-to-build-a-premium-candy-gift-box-people-remember,queued
2026-03-13,Pinterest Idea Pin,long-form,"The best candy for event planners: shelf stability, flavor, and presentation",best candy for events,Source seed #16,https://www.usagummies.com/shop,https://www.usagummies.com/shop?utm_source=pinterest_idea_pin&utm_medium=organic&utm_campaign=parasite_seo_blitz&utm_content=the-best-candy-for-event-planners-shelf-stability-flavor-and-pre,queued
2026-03-14,Pinterest Idea Pin,long-form,Bulk gummy orders without low-quality tradeoffs,bulk gummy candy orders,Source seed #17,https://www.usagummies.com/shop,https://www.usagummies.com/shop?utm_source=pinterest_idea_pin&utm_medium=organic&utm_campaign=parasite_seo_blitz&utm_content=bulk-gummy-orders-without-low-quality-tradeoffs,queued
2026-03-14,Substack Note,long-form,Ingredient transparency in candy: what brands hide and what to ask,ingredient transparency candy,Source seed #18,https://www.usagummies.com/shop,https://www.usagummies.com/shop?utm_source=substack_note&utm_medium=organic&utm_campaign=parasite_seo_blitz&utm_content=ingredient-transparency-in-candy-what-brands-hide-and-what-to-as,queued
2026-03-15,Substack Note,long-form,What retailers want from emerging snack brands,retail buyer snack brands,Source seed #19,https://www.usagummies.com/shop,https://www.usagummies.com/shop?utm_source=substack_note&utm_medium=organic&utm_campaign=parasite_seo_blitz&utm_content=what-retailers-want-from-emerging-snack-brands,queued
2026-03-15,Medium,long-form,How to pitch wholesale buyers when you are a small food brand,how to pitch wholesale buyers,Source seed #20,https://www.usagummies.com/shop,https://www.usagummies.com/shop?utm_source=medium&utm_medium=organic&utm_campaign=parasite_seo_blitz&utm_content=how-to-pitch-wholesale-buyers-when-you-are-a-small-food-brand,queued
