Pin Title,Pin Description,Destination URL,Board Name,Secondary Board 1,Secondary Board 2,Alt Text,Pin Type,Image Size,Scheduled Date,Hashtags
Is Red 40 Bad For You? What the Research Says,"Red 40 is the most used artificial food dye in America. Here's what scientists know about Red 40 safety, side effects, and why it's banned or labeled in other countries. Learn what to look for on ingredient labels and discover dye-free alternatives. #red40 #fooddyes #dyefree #ingredients #cleancandy",https://www.usagummies.com/blog/is-red-40-bad-for-you?utm_source=pinterest&utm_medium=pin&utm_campaign=dyefree&utm_content=red40_research,Food Dye Facts,Dye-Free Candy & Snacks,Kids Snack Ideas,Infographic about Red 40 food dye safety research and side effects,blog_post,1000x1500,2026-02-17 20:00,#red40 #fooddyes #dyefree #ingredients #cleancandy
Yellow 5 & Yellow 6: What Parents Should Know,"Yellow 5 (Tartrazine) and Yellow 6 (Sunset Yellow) are in thousands of foods your kids eat daily. Learn about side effects, hyperactivity research, allergic reactions, and how to find dye-free alternatives for your family. #yellow5 #yellow6 #fooddyes #parenting #dyefree",https://www.usagummies.com/blog/yellow-5-yellow-6-side-effects?utm_source=pinterest&utm_medium=pin&utm_campaign=dyefree&utm_content=yellow56_parents,Food Dye Facts,Kids Snack Ideas,,Guide for parents about Yellow 5 and Yellow 6 food dye side effects,blog_post,1000x1500,2026-02-17 21:00,#yellow5 #yellow6 #fooddyes #parenting #dyefree
Food Dyes and ADHD: What the Research Says,Multiple studies link artificial food dyes to increased hyperactivity in children. The EU requires warning labels. Here's what every parent should know about the connection between food coloring and ADHD symptoms. #adhd #fooddyes #parenting #dyefree #hyperactivity,https://www.usagummies.com/blog/food-dyes-adhd-children?utm_source=pinterest&utm_medium=pin&utm_campaign=dyefree&utm_content=adhd_research,Food Dye Facts,Kids Snack Ideas,,Research summary on artificial food dyes and ADHD in children,blog_post,1000x1500,2026-02-17 22:00,#adhd #fooddyes #parenting #dyefree #hyperactivity
Dye-Free Snacks for Kids: A Parent's Guide,"The best dye-free snacks for kids — gummy bears, fruit snacks, crackers, and more. All made without artificial colors. A practical label-reading guide for parents who want clean ingredients. #kidssnacks #dyefree #parenting #schoolsnacks #cleaneating",https://www.usagummies.com/blog/dye-free-snacks-for-kids?utm_source=pinterest&utm_medium=pin&utm_campaign=dyefree&utm_content=kids_guide,Kids Snack Ideas,Dye-Free Candy & Snacks,,Guide to finding dye-free snacks for kids with natural ingredients,blog_post,1000x1500,2026-02-18 20:00,#kidssnacks #dyefree #parenting #schoolsnacks #cleaneating
What Candy Has Red 40? A Complete List,A label-checked list of popular candies that contain Red 40 — and the best dye-free alternatives. Know exactly which candy has artificial dyes before your next grocery run. #red40 #candy #ingredientlist #dyefree #labelreading,https://www.usagummies.com/blog/what-candy-has-red-40?utm_source=pinterest&utm_medium=pin&utm_campaign=dyefree&utm_content=red40_list,Dye-Free Candy & Snacks,Food Dye Facts,,Complete list of popular candies containing Red 40 artificial dye,blog_post,1000x1500,2026-02-18 21:00,#red40 #candy #ingredientlist #dyefree #labelreading
Best Dye-Free Candy Brands in 2026,"The best candy brands that use natural colors instead of artificial dyes. Gummy bears, chocolate, hard candy, and more — all without Red 40, Yellow 5, or Blue 1. #dyefreecandy #naturalcandy #cleancandy #dyefree #gummybears",https://www.usagummies.com/blog/best-dye-free-candy-brands?utm_source=pinterest&utm_medium=pin&utm_campaign=dyefree&utm_content=best_brands,Dye-Free Candy & Snacks,Dye-Free Gummy Bears,Kids Snack Ideas,Roundup of the best dye-free candy brands with natural colors,blog_post,1000x1500,2026-02-18 22:00,#dyefreecandy #naturalcandy #cleancandy #dyefree #gummybears
"Artificial Dyes: Banned in Europe, Still in US Candy","Why the same candy brands use artificial dyes in the US but natural colors in Europe. The double standard explained — same brand, different ingredients depending on your country. #fooddyes #europe #usa #doublestandard #dyefree",https://www.usagummies.com/blog/artificial-dyes-banned-in-europe-not-us?utm_source=pinterest&utm_medium=pin&utm_campaign=dyefree&utm_content=eu_vs_us,Food Dye Facts,Dye-Free Candy & Snacks,,Comparison of artificial food dye regulations in Europe versus the United States,infographic,1000x2100,2026-02-19 20:00,#fooddyes #europe #usa #doublestandard #dyefree
Dye-Free Gummy Bears: What's Inside?,"Our gummy bears get their colors from turmeric, spirulina, and beet juice — not Red 40 or Yellow 5. See the full ingredient breakdown and learn what makes dye-free gummy bears different. #gummybears #dyefree #ingredients #naturalcolors #cleanlabel",https://www.usagummies.com/blog/dye-free-gummy-bears-ingredients?utm_source=pinterest&utm_medium=pin&utm_campaign=dyefree&utm_content=ingredients,Dye-Free Gummy Bears,Dye-Free Candy & Snacks,,Ingredient breakdown of dye-free gummy bears colored with natural fruit and vegetable extracts,blog_post,1000x1500,2026-02-19 21:00,#gummybears #dyefree #ingredients #naturalcolors #cleanlabel
Made in USA Dye-Free Gummy Bears,"American-made gummy bears with zero artificial dyes. Colored by nature with fruit and vegetable extracts, made with pride in the USA. Shop dye-free gummy bears. #madeinusa #gummybears #americanmade #dyefree #cleancandy",https://www.usagummies.com/shop?utm_source=pinterest&utm_medium=pin&utm_campaign=dyefree&utm_content=shop_usa,Made in America,Dye-Free Gummy Bears,,Bag of USA Gummies dye-free gummy bears made in America,product,1000x1500,2026-02-19 22:00,#madeinusa #gummybears #americanmade #dyefree #cleancandy
Mars Is Removing Artificial Dyes — Here's What It Means,"Mars announced plans to remove artificial dyes from M&Ms, Skittles, and Starburst by 2028. Here's what it means for the candy industry and why some brands already did it years ago. #mars #fooddyes #candy #skittles #dyefree",https://www.usagummies.com/blog/mars-removing-artificial-dyes-what-it-means?utm_source=pinterest&utm_medium=pin&utm_campaign=dyefree&utm_content=mars_news,Food Dye Facts,Dye-Free Candy & Snacks,,Analysis of Mars candy company removing artificial dyes from products,blog_post,1000x1500,2026-02-20 20:00,#mars #fooddyes #candy #skittles #dyefree
The Dye-Free Movement: A Timeline,A timeline of the fight to remove artificial dyes from American food — from Dr. Feingold's 1973 research to the 2025 FDA Red 3 ban. The movement is growing. #dyefreemovement #fooddyes #timeline #fda #cleanfood,https://www.usagummies.com/dye-free-movement?utm_source=pinterest&utm_medium=pin&utm_campaign=dyefree&utm_content=movement_timeline,Dye-Free Candy & Snacks,Food Dye Facts,,Timeline infographic of the dye-free movement from 1973 to present,infographic,1000x2100,2026-02-20 21:00,#dyefreemovement #fooddyes #timeline #fda #cleanfood
Dye-Free Gummies for Kids' Birthday Parties,"Planning a birthday party? These dye-free gummy bears are colorful, delicious, and made without artificial dyes. Perfect for party bags, candy tables, and treats that every parent can feel good about. #kidsparty #dyefree #birthdayparty #partytreats #gummybears",https://www.usagummies.com/blog/dye-free-gummies-for-kids-parties?utm_source=pinterest&utm_medium=pin&utm_campaign=dyefree&utm_content=party_gummies,Party Snacks & Recipes,Kids Snack Ideas,Dye-Free Gummy Bears,Colorful dye-free gummy bears for kids birthday party treats,blog_post,1000x1500,2026-02-20 22:00,#kidsparty #dyefree #birthdayparty #partytreats #gummybears